code,name
SNC01,Aberdeen Royal Infirmary
ABROAD,Abroad
RMB05,Accrington Victoria Hospital
RCB23,Acorn Court
RGT01,Addenbrookes Hospital
RW402,Aintree University Hospital
9RCF31,Airedale General Hospital
RGQ03,Aldeburgh Community Hospital
RBS25,Alder Hey Children's Hospital (Royal Liverpool Children's)
RTD03,Alnwick
RM403,Altrincham
24027,Antrim Area Hospital(Northern Trust)
RBL14,Arrowe Park Hospital
RCY03,Ashford Hospital
RWL25,Aston Cross Dialysis Centre
RVL01,Barnet General Hospital
RFRAA,Barnsley District General Hospital
RH8G3,Barnstaple Satellite Renal Dialysis Unit
RNJ00,Barts & The London Hospital
RAJ12,Basildon University Hospital
RDDH0,Basildon University Hospital
9RN506,Basingstoke Dialysis Unit
RP5BA,Bassetlaw Hospital
RCPAA,Bassetlaw Hospital
9RFU,Bedford Dialysis Unit
9RQR13,Beeston Dialysis Unit
2020,Belfast City Hospital
9RFBAK,Belgrave Renal Unit
RDM03,Bexhill Hospital
RQ3,Birmingham Children's Hospital
9RJ866,Bodmin Hospital
RJ866,Bodmin Hospital
RPK40,Bognor Regis War Memorial Hospital
99RJ121,Borough Kidney Treatment Centre
9RP7LA,Boston Dialysis Centre
RAE01,Bradford Royal Infirmary
O0J8Z,Bridgewater Dialysis Unit
9RF201,Bridlington & District Hospital
RF8FC,Brigg Clinic
9REE01,Bright Dialysis Unit
RA702,Bristol General Hospital
RA723,Bristol Royal Hospital for Children
RQ601,Broadgreen Hospital
99RJZ,Bromley Dialysis Unit
RKUAJ,Bronglais Hospital
RAJ32,Broomfield Hospital
RQ8L0,Broomfield Hospital
9RQ8L0,Broomfield Hospital
RPC20,Buckland Hospital
RW5CA,Burnley General Hospital
RJE55,Burton Hospital
RGA02,Calderdale Dialysis Unit (Halifax)
TAF21,Camberwell Dialysis Unit
9TAF,Camden Dialysis Unit
8TAF,Camden Dialysis Unit
RBH14,Cannock Chase Hospital
RRE14,Cannock Chase Hospital
99RRBBV,Cardiff North Dialysis Unit
XXX01,Cardiff South Renal Unit
9RJH01,Castle Vale Renal Unit
9RCSLB,Centenary Wing
RM574OCT,Central Manchester Dialysis Centre
RAU31,Central Middlesex Hospital
9RKD,Chandlers Ford Dialysis Unit
RY5K7,Chandra Mistry Dialysis Unit
RQN01,Charing Cross Hospital
RJR01,Chester Royal Infirmary
9RJR0,Chester Steam Mill
RFSDA,Chesterfield & North Derbyshire Royal Hospital
RWM51,Children's Hospital for Wales
RJU01,Chorley & South Ribble Hospital
RNX02,Churchill Hospital
RLW01,City Hospital
RBL20,Clatterbridge Hospital
RTVA1,Clay Lane Medical Centre
RXL06,Clifton Hospital
RE7CB,Cockermouth Cottage Hospital
RDEE4,Colchester General Hospital
98RJ701,Colliers Wood Dialysis Unit
RR803,Cookridge Hospital
99RFBAK,Corby Renal Dialysis Unit
9RVJ21,Cossham Hospital
RJR05,Countess of Chester Hospital
RLT14,Coventry & Warwickshire Hospital
RKB02,Coventry & Warwickshire Hospital
9RTP02,Crawley Kidney Treatment Centre
RTP02,Crawley Kidney Treatment Centre
RM131,Cromer & District Hospital
RLGAY,Cumberland Infirmary
33020,Daisy Hill Hospital (Southern Trust)
RN7,Darent Valley Hospital
RLBCH,Darlington Memorial Hospital
RFHFG,Derby City Hospitals Mental Health Unit
RK950,Derriford Hospital
RML03,Devonshire Road Hospital
RMW10,Dewsbury Dialysis Unit
RJL,Diana Princess of Wales Hospital
RP5,Doncaster Royal Infirmary
RBD01,Dorset County Hospital
9RJZ,Dulwich Hospital
SYC02,Dumfries and Galloway Royal Infirmary
RC368,Ealing Hospital
RL701,East Birmingham Hospital
RXC02,Eastbourne Dialysis Unit
RVL07,Edgware Hospital
99RXX,Epsom
RVR50,Epsom Hospital
RJ122,Evelina London Children's Hospital
RG303A,Farnborough Dialysis Unit
RG303,Farnborough Dialysis Unit
RTJ,Farnham Community Hospital
9RTQ,Forest of Dean Dialysis Unit
RTD01,Freeman Hospital
RTR45,Friarage Dialysis Centre
RBBP3,Frome Community Hospital
RKB15,George Eliot Hospital;
RKTAG,Glangwili General Hospital
RH641,Gloucestershire Royal Hospital
RA503,Gloucestershire Royal Hospital
RJH01,Good Hope Hospital
9RWD,Grantham Dialysis Unit
RP4,Great Ormond Street Hospital for Children
RVNCA,Great Western Hospital
RPG04,Greenwich Hospital
9RHU0,Guernsey
GUERNSEY,Guernsey
9RJ121,Guy's and St Thomas's Hospital
RJ121,Guy's and St Thomas's Hospital
RBN63,Halton General Hospital
98RFBAK,Hamilton Renal Unit
9RNS15,Harborough Lodge
RNS15,Harborough Lodge
RT301,Harefield Hospital
RF4HA,Harold Wood Hospital
RCD35,Harrogate District Hospital
99RHU02,Havant Dialysis Unit
RTK02,Hayes Cottage Hospital
9RW,Hayling Island
RL7,Heartlands Hospital
9RB712,Heartlands Hospital
RLQ02,Hereford Dialysis Unit
RM574HEX,Hexagon House
RBZ16,Highfield Dialysis Unit
9RAL01,Highgate Dialysis Unit
RQQ31,Hinchingbrooke Hospital
RH854,Honiton Hospital
RH840,Honiton Hospital
RBF33,Horton General Hospital
RGB04,Huddersfield Dialysis Unit
RF201,Hull Royal Infirmary
RXM56,Ilkeston Community Hospital
RGQ02,Ipswich Hospital
ISLEMAN,Isle of Man
RCJAT,James Cook University Hospital
RGP75,James Paget Hospital
JERSEY,Jersey
RP1L2,John Radcliffe Hospital
RN704,Joyce Green Hospital
RVVKC,Kent & Canterbury Hospital
RNQ51,Kettering General Hospital
9RWP31,Kidderminster Hospital
RWP31,Kidderminster Hospital
RF4DG,King George Hospital
RJZ,King's College Hospital
RJZ01,King's College Hospital
RJZW,King's College Hospital
RFJBC,Kings Mill Hospital
RK5BC,King's Mill Hospital
9RRK02,Kings Norton Dialysis Unit
9RAZ,Kingston Dialysis Unit
RJ707,Kingston Dialysis Unit
9RA743,Knowle West Health Park
REFWW,Launceston Hospital
99RQR13,Leeds Childrens Hospital
RQS01,Leicester General Hospital
RFBAK,Leicester General Hospital
P7U2H,Leicester New Dialysis Unit
RBT20,Leighton Hospital
RJ2,Lewisham Hospital
RKZDA,Lincoln County Hospital
RHANN,Lings Bar
RAQ01,Lister Hospital
9RLQ02,Llandrindod Wells Hospital
9RVEB1,Llantrisant Dialysis Centre
9RJ701,London Holiday Dialysis Centre
E102H,London Hospital
RJ50Z,London West
RJ501,London West
RJ50X,London West
RTG08,Long Eaton Health Centre
RT5DC,Loughborough Hospital
RGP72,Lowestoft Hospital
RC971,Luton & Dunstable Hospital
RJN71,Macclesfield District General Hospital
RVVMA,Maidstone Hospital
RM574,Manchester Royal Infirmary
RBK02,Manor Hospital
RFJBL,Mansfield Community Hospital
RJ6,Mayday University Hospital
RPA,Medway Maritime Hospital
RHBR6,Middlesex Hospital
RDZ15,Milford-on-Sea War Memorial Hospital
RD816,Milton Keynes General Hospital
RP5MM,Montagu Hospital
RQHC7,Morriston Hospital
RES05,Mossley Hill Hospital
9RH02,Musgrove Park Hospital
9RH06,Musgrove Park Hospital
RQAAM,Nevill Hall Hospital
8RJ121,New Cross Gate Dialysis Unit
RL403,New Cross Hospital
RGCNH,Newham University Hospital
XXX03,Newport Renal Unit
RA911,Newton Abbot Hospital
STC01,Ninewells Hospital
9IOM,Nobles
RM102,Norfolk & Norwich University Hospital
RM12K,Norfolk and Norwich Kidney centre
RLE,North Durham Acute Hospitals
RN506,North Hampshire Hospital
RW602,North Manchester General Hospital
RAPNM,North Middlesex Hospital
9RCJAT,North Ormesby Dialysis Centre
RTF67,North Shields Satellite Unit
99RJ701,North Wandsworth Dialysis Unit
RFBAT,Northampton Dialysis Unit
RNS01,Northampton General Hospital
RK7CC,Northern General Hospital
RFZ20,Northwick Park Hospital
99RCSLB,Nottingham Children's Hospital
RX1CC,Nottingham City Hospital
RCSLB,Nottingham City Hospital
RK6LB,Nottingham City Hospital
7RM301,Oldham Renal Unit
RAJ20,Orsett Hospital
RDDH1,Orsett Hospital
RKB28,Oxford University Hospitals
RPD01,Pembury Hospital
RGN,Peterborough District Hospital
RGN42,Peterborough District Hospital
RGE01,Pinderfields General Hospital
RED03,Plympton Hospital
9RL403,Pond Lane Dialysis unit
RXF03,Pontefract Dialysis Unit
9RBD01,Poole Dialysis Unit
RD300,Poole Dialysis Unit
RD304,Poole Dialysis Unit
9RXV06,Prestwich Hospital
RRS,Prince Charles Hospital
RRBH4,Prince Of Wales Hospital
RQV00,Princess Alexandra Hospital
RQWG0,Princess Alexandra Hospital
RXWAT,Princess Royal Hospital
RXJ06,Private unit
98CJ06,Private unit
8CJ06,Private unit
8CJ06,Private unit
98D917,Private unit
PRIVATE,Private unit
8CJ07,Private unit
9RXX,Purley Dialysis Unit
RHU02,Queen Alexandra Hospital
RHU03,Queen Alexandra Hospital
RRK02,"Queen Elizabeth Hospital, Birmingham"
RG222,"Queen Elizabeth Hospital, Woolwich"
RVV11,Queen Elizabeth the Queen Mother Hospital
SGC04,Queen Elizabeth University Hospital Glasgow
SGC05,Queen Elizabeth University Hospital Glasgow
RJ230,Queen Mary's Hospital
11021,Queen Victoria
9RNJ00,Queen's Hospital
RX1RA,Queens Medical Centre
SHC01,Raigmore Hospital
96RRK02,Redditch Kidney Treatment Centre
REZ02,Rochdale Renal Unit/ Birch Hill Hospital
RFRPA,Rotherham District General Hospital
11023,Royal Belfast Hospital for Sick Children
9RWX,Royal Berkshire Bracknell Clinic
RHW01,Royal Berkshire Hospital
RHW05,Royal Berkshire Hospital
RXR01,Royal Blackburn Hospital
RMC00,Royal Bolton Hospital
RDZ00,Royal Bournemouth Hospital
RT302,Royal Brompton Hospital
REF12,Royal Cornwall Hospital
RFPFG,Royal Derby Hospital
RH801,Royal Devon and Exeter Hospital
RH8,Royal Devon and Exeter Hospital
RH802,Royal Devon and Exeter Hospital (Heavitree)
RAL01,Royal Free Hospital
SGC02,"Royal Hospital for Children, Glasgow"
SSC02,Royal Infirmary of Edinburgh
RJC46,Royal Leamington Spa Rehabilitation Hospital
REP17,Royal Liverpool University Hospital
RQ617,Royal Liverpool University Hospital
RW3RM,Royal Manchester Children's Hospital
RMF01,Royal Preston Hospital
RLZ01,Royal Shrewsbury Hospital
RHM02,Royal South Hants Hospital
RJE01,Royal Stoke University Hospital
RGU01,Royal Sussex County Hospital
RD1,Royal United Hospital
RTD02,Royal Victoria Hospital
RNA01,Russells Hall Hospital
RNA03,Russells Hall Hospital
RM301,Salford Royal Hospital
RM3,Salford Royal Hospitals
RNZ02,Salisbury District Hospital
9RNG2,Samuel Johnson Community Hospital
RNG10,Samuel Johnson Community Hospital
RTG54,Samuel Johnson Community Hospital
RCC25,Scarborough General Hospital
RF832,Scunthorpe General Hospital
9RQR14,Seacroft Hospital
RES01,Seacroft Hospital
9RQS1,Seacroft Hospital
RQR14,Seacroft Hospital
9RH641,"Severn Satellite, Gloucestershire Royal"
9RK7CC,Sheffield Dialysis Centre
O2Q9P,Shrewsbury Satellite
9RWDLB,Skegness Renal unit
RCF31,Skipton General Hospital
RRK04,Smethwick Dialysis Centre
RL301,Solihull District General Hospital
MV101,Solihull District General Hospital
M5O5A,Somers Place Kidney Unit
8RA911,South Devon Kidney Unit
9RA911,South Devon Kidney Unit Torquay
RH879,South Devon Kidney Unit Torquay
R1G55,South Hams Hospital
RBZ19,South Molton Hospital
RE9GA,South Tyneside District General Hospital
99RHM01,Southampton Childrens Hospital
RHM01,Southampton General Hospital
RAJ01,Southend University Hospital
RAJ,Southend University Hospital
REE01,Southmead Hospital
RVN3N,Southmead Hospital
RVY01,Southport & Formby District General Hospital
97RRK02,Sparkhill Dialysis Unit
RPW02,St Albans City Hospital
RDA03,St Charles Hospital
RKB03,St Cross Hospital
RJ701,St George's Hospital
9RBN01,St Helens
RAZ,St Helier Hospital
RQR13,St James's University Hospital
88A713,St John & Elizabeth Hospital
8A713,St John & Elizabeth Hospital
98A713,St John & Elizabeth Hospital
RAE05,St Luke's Hospital
9RAE05,St Luke's Hospital
RR201,St Mary's Hospital
RNZ36,St Marys Hospital (Portsmouth)
RTG05,St Oswalds Hospital
97TAF,St Pancras Hospital
98TAF,St Pancras Hospital
RQ8LJ,St Peter's Hospital
RKM,St Woolos Hospital
RUE01,Stafford District General Hospital
RRE01,Stafford Hospital
RJD01,Stafford Hospital
9RWJ,Stockport Dialysis Unit
RLY02,Stoke City General Hospital
RXQ02,Stoke Mandeville Hospital
RJC03,Stratford Hospital
RLNGH,Sunderland Royal Hospital
98RQY,Sutton Dialysis Unit
9RQY,Sutton Dialysis Unit
98RJZ,Sydenham Dialysis Unit
RMP01,Tameside General Hospital
RH875,Taunton Dialysis Unit (Creech)
RG224,Thamesmead Kidney Treatment Centre
RQW,The Princess Alexandra Hospital
RCX01,The Queen Elizabeth Hospital
RCB55,The York Hospital
9RNA,Tipton Dialysis Centre
9RNA2,Tipton Dialysis Centre
9RNA3,Tipton Dialysis Centre
9rna3,Tipton Dialysis Centre
8RAL01,Tottenham Hale
RHS55,Totton Dialysis Unit
9RPD01,Tunbridge Wells Kidney Treatment Centre
45020,Tyrone Altnagelvin -(Western Trust)
45021,"Tyrone, Altnagelvin -(Western Trust)"
48021,"Tyrone, Altnagelvin -(Western Trust)"
7021,Ulster Hospital
9RW402,University Hospital Aintree
RKB01,University Hospital Coventry & Warwickshire
SAC02,University Hospital Crosshouse
RJ224,University Hospital Lewisham
SLC01,University Hospital Monklands
RVWAA,University Hospital Of Hartlepool
RR9,University Hospital of North Durham
RTRNT,University Hospital of North Tees
RRBBV,University Hospital of Wales
RXJ01,Unknown
RQ503,Unknown
98RRBBV,Unknown
9RRBBV,Unknown
CEN1,Unknown
SFC01,"Victoria Hospital, Kirkcaldy"
98RBK,Walsall Dialysis Centre
99RBK,Walsall Dialysis Centre
9RBK,Walsall Kidney Treatment Centre
RGCKJ,Wanstead Hospital
RKC81,Warrington Hospital
RKB13,Warwick Nuffield
9RLNGH,Washington
REM26,Waterloo Day Hospital
RWG02,Watford General Hospital
RL109,Welshpool
98RAZ,West Byfleet Dialysis Centre
99RAZ,West Byfleet Dialysis Centre
REF01,West Cornwall Hospital
RNLBX,West Cumberland Hospital
RQN02,West London Renal & Transplant Centre
RFW01,West Middlesex University Hospital
RGR50,West Suffolk Hospital
RRBBW,West Wing Dialysis Unit
SSC04,Western General Hospitals
RE5BW,Westmorland General Hospital
RA301,Weston General Hospital
RGCKH,Whipps Cross University Hospital
RBN01,Whiston Hospital
9RM301,Wigan Health Centre
RVV20,William Harvey Hospital
9RH108,Windsor Dialysis Unit
RR6BL,Withybush General Hospital
RQZ03,Woking Community Hospital
98RRK02,Woodgate Valley Dialysis Unit
99RRK02,Worcester Dialysis Unit
RPL04,Worthing & Southlands Hospital
RKHA4,Wrexham Maelor Hospital
RXQ50,Wycombe Hospital
RM202,Wythenshawe Hospital
9RH01,Yeovil Dialysis Centre
9RH03,Yeovil Dialysis Centre
9RH05,Yeovil Dialysis Centre
9RQBAU,Ysbyty Alltwen
RKGA1,Ysbyty Glan Clwyd (Rhyl)
RQBAU,Ysbyty Gwynedd (Bangor)
